<?xml version="1.0" encoding="UTF-8"?>

<!--XBRL Document Created with Wdesk from Workiva-->
<!--Copyright 2022 Workiva-->
<!--r:759ad51a-4ed5-4e2d-ad37-06218c1db122,g:7484e91c-0329-4a94-98b2-b75bc8043afc-->
<link:linkbase xmlns:link="http://www.xbrl.org/2003/linkbase" xmlns:xlink="http://www.w3.org/1999/xlink" xmlns:xsi="http://www.w3.org/2001/XMLSchema-instance" xsi:schemaLocation="http://www.xbrl.org/2003/linkbase http://www.xbrl.org/2003/xbrl-linkbase-2003-12-31.xsd">
  <link:roleRef roleURI="http://www.levistrauss.com/role/Cover" xlink:type="simple" xlink:href="levi-20220126.xsd#Cover"/>
  <link:presentationLink xlink:role="http://www.levistrauss.com/role/Cover" xlink:type="extended">
    <link:loc xlink:type="locator" xlink:label="loc_dei_CoverAbstract_c3fc37ce-7dd5-43fa-bee9-4cdfd7b4fce0" xlink:href="https://xbrl.sec.gov/dei/2020/dei-2020-01-31.xsd#dei_CoverAbstract"/>
    <link:loc xlink:type="locator" xlink:label="loc_dei_DocumentType_36c0840d-cf48-4118-8c17-f6e24f742dc2" xlink:href="https://xbrl.sec.gov/dei/2020/dei-2020-01-31.xsd#dei_DocumentType"/>
    <link:presentationArc order="1" xlink:arcrole="http://www.xbrl.org/2003/arcrole/parent-child" xlink:from="loc_dei_CoverAbstract_c3fc37ce-7dd5-43fa-bee9-4cdfd7b4fce0" xlink:to="loc_dei_DocumentType_36c0840d-cf48-4118-8c17-f6e24f742dc2" xlink:type="arc" preferredLabel="http://www.xbrl.org/2003/role/terseLabel"/>
    <link:loc xlink:type="locator" xlink:label="loc_dei_DocumentPeriodEndDate_7a1f7f4b-adeb-4987-9af1-669655bf2e99" xlink:href="https://xbrl.sec.gov/dei/2020/dei-2020-01-31.xsd#dei_DocumentPeriodEndDate"/>
    <link:presentationArc order="2" xlink:arcrole="http://www.xbrl.org/2003/arcrole/parent-child" xlink:from="loc_dei_CoverAbstract_c3fc37ce-7dd5-43fa-bee9-4cdfd7b4fce0" xlink:to="loc_dei_DocumentPeriodEndDate_7a1f7f4b-adeb-4987-9af1-669655bf2e99" xlink:type="arc" preferredLabel="http://www.xbrl.org/2003/role/terseLabel"/>
    <link:loc xlink:type="locator" xlink:label="loc_dei_EntityRegistrantName_b255a5fb-0903-4c8f-9131-b204582f84be" xlink:href="https://xbrl.sec.gov/dei/2020/dei-2020-01-31.xsd#dei_EntityRegistrantName"/>
    <link:presentationArc order="3" xlink:arcrole="http://www.xbrl.org/2003/arcrole/parent-child" xlink:from="loc_dei_CoverAbstract_c3fc37ce-7dd5-43fa-bee9-4cdfd7b4fce0" xlink:to="loc_dei_EntityRegistrantName_b255a5fb-0903-4c8f-9131-b204582f84be" xlink:type="arc" preferredLabel="http://www.xbrl.org/2003/role/terseLabel"/>
    <link:loc xlink:type="locator" xlink:label="loc_dei_EntityIncorporationStateCountryCode_afc4e04a-365c-4f55-bfca-179ac61288a6" xlink:href="https://xbrl.sec.gov/dei/2020/dei-2020-01-31.xsd#dei_EntityIncorporationStateCountryCode"/>
    <link:presentationArc order="4" xlink:arcrole="http://www.xbrl.org/2003/arcrole/parent-child" xlink:from="loc_dei_CoverAbstract_c3fc37ce-7dd5-43fa-bee9-4cdfd7b4fce0" xlink:to="loc_dei_EntityIncorporationStateCountryCode_afc4e04a-365c-4f55-bfca-179ac61288a6" xlink:type="arc" preferredLabel="http://www.xbrl.org/2003/role/terseLabel"/>
    <link:loc xlink:type="locator" xlink:label="loc_dei_EntityTaxIdentificationNumber_3853c616-fb08-4752-af39-7365dd14779e" xlink:href="https://xbrl.sec.gov/dei/2020/dei-2020-01-31.xsd#dei_EntityTaxIdentificationNumber"/>
    <link:presentationArc order="5" xlink:arcrole="http://www.xbrl.org/2003/arcrole/parent-child" xlink:from="loc_dei_CoverAbstract_c3fc37ce-7dd5-43fa-bee9-4cdfd7b4fce0" xlink:to="loc_dei_EntityTaxIdentificationNumber_3853c616-fb08-4752-af39-7365dd14779e" xlink:type="arc" preferredLabel="http://www.xbrl.org/2003/role/terseLabel"/>
    <link:loc xlink:type="locator" xlink:label="loc_dei_EntityAddressAddressLine1_b0cb0907-18f3-434a-bf72-4c305309988e" xlink:href="https://xbrl.sec.gov/dei/2020/dei-2020-01-31.xsd#dei_EntityAddressAddressLine1"/>
    <link:presentationArc order="6" xlink:arcrole="http://www.xbrl.org/2003/arcrole/parent-child" xlink:from="loc_dei_CoverAbstract_c3fc37ce-7dd5-43fa-bee9-4cdfd7b4fce0" xlink:to="loc_dei_EntityAddressAddressLine1_b0cb0907-18f3-434a-bf72-4c305309988e" xlink:type="arc" preferredLabel="http://www.xbrl.org/2003/role/terseLabel"/>
    <link:loc xlink:type="locator" xlink:label="loc_dei_EntityAddressCityOrTown_f35bb0f4-dc86-430c-8512-cd1de78df168" xlink:href="https://xbrl.sec.gov/dei/2020/dei-2020-01-31.xsd#dei_EntityAddressCityOrTown"/>
    <link:presentationArc order="7" xlink:arcrole="http://www.xbrl.org/2003/arcrole/parent-child" xlink:from="loc_dei_CoverAbstract_c3fc37ce-7dd5-43fa-bee9-4cdfd7b4fce0" xlink:to="loc_dei_EntityAddressCityOrTown_f35bb0f4-dc86-430c-8512-cd1de78df168" xlink:type="arc" preferredLabel="http://www.xbrl.org/2003/role/terseLabel"/>
    <link:loc xlink:type="locator" xlink:label="loc_dei_EntityAddressStateOrProvince_07ce5d43-4981-4932-8ca6-65b3ce302286" xlink:href="https://xbrl.sec.gov/dei/2020/dei-2020-01-31.xsd#dei_EntityAddressStateOrProvince"/>
    <link:presentationArc order="8" xlink:arcrole="http://www.xbrl.org/2003/arcrole/parent-child" xlink:from="loc_dei_CoverAbstract_c3fc37ce-7dd5-43fa-bee9-4cdfd7b4fce0" xlink:to="loc_dei_EntityAddressStateOrProvince_07ce5d43-4981-4932-8ca6-65b3ce302286" xlink:type="arc" preferredLabel="http://www.xbrl.org/2003/role/terseLabel"/>
    <link:loc xlink:type="locator" xlink:label="loc_dei_EntityAddressPostalZipCode_ca41b11b-51bc-42b5-a355-a1c4845fb1e5" xlink:href="https://xbrl.sec.gov/dei/2020/dei-2020-01-31.xsd#dei_EntityAddressPostalZipCode"/>
    <link:presentationArc order="9" xlink:arcrole="http://www.xbrl.org/2003/arcrole/parent-child" xlink:from="loc_dei_CoverAbstract_c3fc37ce-7dd5-43fa-bee9-4cdfd7b4fce0" xlink:to="loc_dei_EntityAddressPostalZipCode_ca41b11b-51bc-42b5-a355-a1c4845fb1e5" xlink:type="arc" preferredLabel="http://www.xbrl.org/2003/role/terseLabel"/>
    <link:loc xlink:type="locator" xlink:label="loc_dei_CityAreaCode_e099bb85-0729-4461-86c6-8dc795530c4f" xlink:href="https://xbrl.sec.gov/dei/2020/dei-2020-01-31.xsd#dei_CityAreaCode"/>
    <link:presentationArc order="10" xlink:arcrole="http://www.xbrl.org/2003/arcrole/parent-child" xlink:from="loc_dei_CoverAbstract_c3fc37ce-7dd5-43fa-bee9-4cdfd7b4fce0" xlink:to="loc_dei_CityAreaCode_e099bb85-0729-4461-86c6-8dc795530c4f" xlink:type="arc" preferredLabel="http://www.xbrl.org/2003/role/terseLabel"/>
    <link:loc xlink:type="locator" xlink:label="loc_dei_LocalPhoneNumber_e5ed86d2-ad6a-46f6-b692-502b02f8b143" xlink:href="https://xbrl.sec.gov/dei/2020/dei-2020-01-31.xsd#dei_LocalPhoneNumber"/>
    <link:presentationArc order="11" xlink:arcrole="http://www.xbrl.org/2003/arcrole/parent-child" xlink:from="loc_dei_CoverAbstract_c3fc37ce-7dd5-43fa-bee9-4cdfd7b4fce0" xlink:to="loc_dei_LocalPhoneNumber_e5ed86d2-ad6a-46f6-b692-502b02f8b143" xlink:type="arc" preferredLabel="http://www.xbrl.org/2003/role/terseLabel"/>
    <link:loc xlink:type="locator" xlink:label="loc_dei_WrittenCommunications_e3db8a5d-14e8-48ef-8024-f8955fac13e0" xlink:href="https://xbrl.sec.gov/dei/2020/dei-2020-01-31.xsd#dei_WrittenCommunications"/>
    <link:presentationArc order="12" xlink:arcrole="http://www.xbrl.org/2003/arcrole/parent-child" xlink:from="loc_dei_CoverAbstract_c3fc37ce-7dd5-43fa-bee9-4cdfd7b4fce0" xlink:to="loc_dei_WrittenCommunications_e3db8a5d-14e8-48ef-8024-f8955fac13e0" xlink:type="arc" preferredLabel="http://www.xbrl.org/2003/role/terseLabel"/>
    <link:loc xlink:type="locator" xlink:label="loc_dei_SolicitingMaterial_baa0755c-9d79-4428-afb0-30122af88351" xlink:href="https://xbrl.sec.gov/dei/2020/dei-2020-01-31.xsd#dei_SolicitingMaterial"/>
    <link:presentationArc order="13" xlink:arcrole="http://www.xbrl.org/2003/arcrole/parent-child" xlink:from="loc_dei_CoverAbstract_c3fc37ce-7dd5-43fa-bee9-4cdfd7b4fce0" xlink:to="loc_dei_SolicitingMaterial_baa0755c-9d79-4428-afb0-30122af88351" xlink:type="arc" preferredLabel="http://www.xbrl.org/2003/role/terseLabel"/>
    <link:loc xlink:type="locator" xlink:label="loc_dei_PreCommencementTenderOffer_30a713cc-3295-41a4-b692-96d243e73dda" xlink:href="https://xbrl.sec.gov/dei/2020/dei-2020-01-31.xsd#dei_PreCommencementTenderOffer"/>
    <link:presentationArc order="14" xlink:arcrole="http://www.xbrl.org/2003/arcrole/parent-child" xlink:from="loc_dei_CoverAbstract_c3fc37ce-7dd5-43fa-bee9-4cdfd7b4fce0" xlink:to="loc_dei_PreCommencementTenderOffer_30a713cc-3295-41a4-b692-96d243e73dda" xlink:type="arc" preferredLabel="http://www.xbrl.org/2003/role/terseLabel"/>
    <link:loc xlink:type="locator" xlink:label="loc_dei_PreCommencementIssuerTenderOffer_1a28612e-8d18-46e0-8d08-f4d9a84c7fb6" xlink:href="https://xbrl.sec.gov/dei/2020/dei-2020-01-31.xsd#dei_PreCommencementIssuerTenderOffer"/>
    <link:presentationArc order="15" xlink:arcrole="http://www.xbrl.org/2003/arcrole/parent-child" xlink:from="loc_dei_CoverAbstract_c3fc37ce-7dd5-43fa-bee9-4cdfd7b4fce0" xlink:to="loc_dei_PreCommencementIssuerTenderOffer_1a28612e-8d18-46e0-8d08-f4d9a84c7fb6" xlink:type="arc" preferredLabel="http://www.xbrl.org/2003/role/terseLabel"/>
    <link:loc xlink:type="locator" xlink:label="loc_dei_Security12bTitle_a0e0355f-4cfb-4733-804b-5b9c10b59f4a" xlink:href="https://xbrl.sec.gov/dei/2020/dei-2020-01-31.xsd#dei_Security12bTitle"/>
    <link:presentationArc order="16" xlink:arcrole="http://www.xbrl.org/2003/arcrole/parent-child" xlink:from="loc_dei_CoverAbstract_c3fc37ce-7dd5-43fa-bee9-4cdfd7b4fce0" xlink:to="loc_dei_Security12bTitle_a0e0355f-4cfb-4733-804b-5b9c10b59f4a" xlink:type="arc" preferredLabel="http://www.xbrl.org/2003/role/terseLabel"/>
    <link:loc xlink:type="locator" xlink:label="loc_dei_EntityEmergingGrowthCompany_d33d4e39-aace-4e96-b7ef-95579537c9df" xlink:href="https://xbrl.sec.gov/dei/2020/dei-2020-01-31.xsd#dei_EntityEmergingGrowthCompany"/>
    <link:presentationArc order="17" xlink:arcrole="http://www.xbrl.org/2003/arcrole/parent-child" xlink:from="loc_dei_CoverAbstract_c3fc37ce-7dd5-43fa-bee9-4cdfd7b4fce0" xlink:to="loc_dei_EntityEmergingGrowthCompany_d33d4e39-aace-4e96-b7ef-95579537c9df" xlink:type="arc" preferredLabel="http://www.xbrl.org/2003/role/terseLabel"/>
    <link:loc xlink:type="locator" xlink:label="loc_dei_TradingSymbol_48d0913d-a34e-4d9c-abfe-1a5edb96bee5" xlink:href="https://xbrl.sec.gov/dei/2020/dei-2020-01-31.xsd#dei_TradingSymbol"/>
    <link:presentationArc order="18" xlink:arcrole="http://www.xbrl.org/2003/arcrole/parent-child" xlink:from="loc_dei_CoverAbstract_c3fc37ce-7dd5-43fa-bee9-4cdfd7b4fce0" xlink:to="loc_dei_TradingSymbol_48d0913d-a34e-4d9c-abfe-1a5edb96bee5" xlink:type="arc" preferredLabel="http://www.xbrl.org/2003/role/terseLabel"/>
    <link:loc xlink:type="locator" xlink:label="loc_dei_AmendmentFlag_8661f609-e63a-4153-9c66-a6fedba4a244" xlink:href="https://xbrl.sec.gov/dei/2020/dei-2020-01-31.xsd#dei_AmendmentFlag"/>
    <link:presentationArc order="19" xlink:arcrole="http://www.xbrl.org/2003/arcrole/parent-child" xlink:from="loc_dei_CoverAbstract_c3fc37ce-7dd5-43fa-bee9-4cdfd7b4fce0" xlink:to="loc_dei_AmendmentFlag_8661f609-e63a-4153-9c66-a6fedba4a244" xlink:type="arc" preferredLabel="http://www.xbrl.org/2003/role/terseLabel"/>
    <link:loc xlink:type="locator" xlink:label="loc_dei_SecurityExchangeName_55b01c96-1fc3-4b21-9dfb-b10e77bb902c" xlink:href="https://xbrl.sec.gov/dei/2020/dei-2020-01-31.xsd#dei_SecurityExchangeName"/>
    <link:presentationArc order="20" xlink:arcrole="http://www.xbrl.org/2003/arcrole/parent-child" xlink:from="loc_dei_CoverAbstract_c3fc37ce-7dd5-43fa-bee9-4cdfd7b4fce0" xlink:to="loc_dei_SecurityExchangeName_55b01c96-1fc3-4b21-9dfb-b10e77bb902c" xlink:type="arc" preferredLabel="http://www.xbrl.org/2003/role/terseLabel"/>
    <link:loc xlink:type="locator" xlink:label="loc_dei_EntityCentralIndexKey_a67ca296-19ff-4dcd-8347-b6690e3e60bf" xlink:href="https://xbrl.sec.gov/dei/2020/dei-2020-01-31.xsd#dei_EntityCentralIndexKey"/>
    <link:presentationArc order="21" xlink:arcrole="http://www.xbrl.org/2003/arcrole/parent-child" xlink:from="loc_dei_CoverAbstract_c3fc37ce-7dd5-43fa-bee9-4cdfd7b4fce0" xlink:to="loc_dei_EntityCentralIndexKey_a67ca296-19ff-4dcd-8347-b6690e3e60bf" xlink:type="arc" preferredLabel="http://www.xbrl.org/2003/role/terseLabel"/>
    <link:loc xlink:type="locator" xlink:label="loc_dei_EntityFileNumber_72a0b330-6957-4174-be53-2084e95499b7" xlink:href="https://xbrl.sec.gov/dei/2020/dei-2020-01-31.xsd#dei_EntityFileNumber"/>
    <link:presentationArc order="22" xlink:arcrole="http://www.xbrl.org/2003/arcrole/parent-child" xlink:from="loc_dei_CoverAbstract_c3fc37ce-7dd5-43fa-bee9-4cdfd7b4fce0" xlink:to="loc_dei_EntityFileNumber_72a0b330-6957-4174-be53-2084e95499b7" xlink:type="arc" preferredLabel="http://www.xbrl.org/2003/role/terseLabel"/>
  </link:presentationLink>
</link:linkbase>
